Horizon,RMSE,MAE,MAPE,R²
60-min,0.14568970061582145,0.08699555148273465,,0.7363065505259523
