Horizon,RMSE,MAE,MAPE,R²
30-min,0.11647478843345477,0.0632761568783291,,0.8314419772841973
